#band	vel	t0_ms	t1_ms	layer_vel	mdb	mdb_per_ms	fade_us	hold	decay
band	1	0	100	14	-19500	0.000000	240000	0	0
band	1	101	200	14	-20900	-22.727273	240000	0	0
band	1	201	400	14	-16700	-19.095477	240000	0	0
band	1	401	1000	14	-17700	-7.879800	240000	0	0
band	1	1001	2000	1	-8900	-4.954955	260000	0	0
band	1	2001	3000	1	-10500	-3.468468	260000	0	0
band	1	3001	5000	1	-13500	-2.190095	260000	0	0
band	1	5001	8000	1	-17000	-1.495498	260000	0	0
band	1	8001	12000	1	-19100	-1.297074	260000	0	0
band	1	12001	60000	1	-23100	-0.999812	260000	0	0
band	2	0	100	14	-19000	0.000000	240000	0	0
band	2	101	200	14	-20350	-22.727273	240000	0	0
band	2	201	400	14	-16300	-19.095477	240000	0	0
band	2	401	1000	14	-17300	-7.879800	240000	0	0
band	2	1001	2000	1	-8600	-4.954955	260000	0	0
band	2	2001	3000	1	-10250	-3.468468	260000	0	0
band	2	3001	5000	1	-13250	-2.190095	260000	0	0
band	2	5001	8000	1	-16750	-1.495498	260000	0	0
band	2	8001	12000	1	-18900	-1.297074	260000	0	0
band	2	12001	60000	1	-22900	-0.999812	260000	0	0
band	3	0	100	14	-18500	0.000000	240000	0	0
band	3	101	200	14	-19800	-22.727273	240000	0	0
band	3	201	400	14	-15900	-19.095477	240000	0	0
band	3	401	1000	14	-16900	-7.879800	240000	0	0
band	3	1001	2000	1	-8300	-4.954955	260000	0	0
band	3	2001	3000	1	-10000	-3.468468	260000	0	0
band	3	3001	5000	1	-13000	-2.190095	260000	0	0
band	3	5001	8000	1	-16500	-1.495498	260000	0	0
band	3	8001	12000	1	-18700	-1.297074	260000	0	0
band	3	12001	60000	1	-22700	-0.999812	260000	0	0
band	4	0	100	14	-18000	0.000000	240000	0	0
band	4	101	200	14	-19250	-22.727273	240000	0	0
band	4	201	400	14	-15500	-19.095477	240000	0	0
band	4	401	1000	14	-16500	-7.879800	240000	0	0
band	4	1001	2000	1	-8000	-4.954955	260000	0	0
band	4	2001	3000	1	-9750	-3.468468	260000	0	0
band	4	3001	5000	1	-12750	-2.190095	260000	0	0
band	4	5001	8000	1	-16250	-1.495498	260000	0	0
band	4	8001	12000	1	-18500	-1.297074	260000	0	0
band	4	12001	60000	1	-22500	-0.999812	260000	0	0
band	5	0	100	14	-17500	0.000000	240000	0	0
band	5	101	200	14	-18700	-22.727273	240000	0	0
band	5	201	400	14	-15100	-19.095477	240000	0	0
band	5	401	1000	14	-16100	-7.879800	240000	0	0
band	5	1001	2000	1	-7700	-4.954955	260000	0	0
band	5	2001	3000	1	-9500	-3.468468	260000	0	0
band	5	3001	5000	1	-12500	-2.190095	260000	0	0
band	5	5001	8000	1	-16000	-1.495498	260000	0	0
band	5	8001	12000	1	-18300	-1.297074	260000	0	0
band	5	12001	60000	1	-22300	-0.999812	260000	0	0
band	6	0	100	14	-17000	0.000000	240000	0	0
band	6	101	200	14	-18150	-22.727273	240000	0	0
band	6	201	400	14	-14700	-19.095477	240000	0	0
band	6	401	1000	14	-15700	-7.879800	240000	0	0
band	6	1001	2000	1	-7400	-4.954955	260000	0	0
band	6	2001	3000	1	-9250	-3.468468	260000	0	0
band	6	3001	5000	1	-12250	-2.190095	260000	0	0
band	6	5001	8000	1	-15750	-1.495498	260000	0	0
band	6	8001	12000	1	-18100	-1.297074	260000	0	0
band	6	12001	60000	1	-22100	-0.999812	260000	0	0
band	7	0	100	14	-16500	0.000000	240000	0	0
band	7	101	200	14	-17600	-22.727273	240000	0	0
band	7	201	400	14	-14300	-19.095477	240000	0	0
band	7	401	1000	14	-15300	-7.879800	240000	0	0
band	7	1001	2000	1	-7100	-4.954955	260000	0	0
band	7	2001	3000	1	-9000	-3.468468	260000	0	0
band	7	3001	5000	1	-12000	-2.190095	260000	0	0
band	7	5001	8000	1	-15500	-1.495498	260000	0	0
band	7	8001	12000	1	-17900	-1.297074	260000	0	0
band	7	12001	60000	1	-21900	-0.999812	260000	0	0
band	8	0	100	14	-16000	0.000000	240000	0	0
band	8	101	200	14	-17050	-22.727273	240000	0	0
band	8	201	400	14	-13900	-19.095477	240000	0	0
band	8	401	1000	14	-14900	-7.879800	240000	0	0
band	8	1001	2000	1	-6800	-4.954955	260000	0	0
band	8	2001	3000	1	-8750	-3.468468	260000	0	0
band	8	3001	5000	1	-11750	-2.190095	260000	0	0
band	8	5001	8000	1	-15250	-1.495498	260000	0	0
band	8	8001	12000	1	-17700	-1.297074	260000	0	0
band	8	12001	60000	1	-21700	-0.999812	260000	0	0
band	9	0	100	14	-15500	0.000000	240000	0	0
band	9	101	200	14	-16500	-22.727273	240000	0	0
band	9	201	400	14	-13500	-19.095477	240000	0	0
band	9	401	1000	14	-14500	-7.879800	240000	0	0
band	9	1001	2000	1	-6500	-4.954955	260000	0	0
band	9	2001	3000	1	-8500	-3.468468	260000	0	0
band	9	3001	5000	1	-11500	-2.190095	260000	0	0
band	9	5001	8000	1	-15000	-1.495498	260000	0	0
band	9	8001	12000	1	-17500	-1.297074	260000	0	0
band	9	12001	60000	1	-21500	-0.999812	260000	0	0
band	10	0	100	14	-15000	0.000000	240000	0	0
band	10	101	200	14	-15950	-22.727273	240000	0	0
band	10	201	400	14	-13100	-19.095477	240000	0	0
band	10	401	1000	14	-14100	-7.879800	240000	0	0
band	10	1001	2000	1	-6200	-4.954955	260000	0	0
band	10	2001	3000	1	-8250	-3.468468	260000	0	0
band	10	3001	5000	1	-11250	-2.190095	260000	0	0
band	10	5001	8000	1	-14750	-1.495498	260000	0	0
band	10	8001	12000	1	-17300	-1.297074	260000	0	0
band	10	12001	60000	1	-21300	-0.999812	260000	0	0
band	11	0	100	14	-14500	0.000000	240000	0	0
band	11	101	200	14	-15400	-22.727273	240000	0	0
band	11	201	400	14	-12700	-19.095477	240000	0	0
band	11	401	1000	14	-13700	-7.879800	240000	0	0
band	11	1001	2000	1	-5900	-4.954955	260000	0	0
band	11	2001	3000	1	-8000	-3.468468	260000	0	0
band	11	3001	5000	1	-11000	-2.190095	260000	0	0
band	11	5001	8000	1	-14500	-1.495498	260000	0	0
band	11	8001	12000	1	-17100	-1.297074	260000	0	0
band	11	12001	60000	1	-21100	-0.999812	260000	0	0
band	12	0	100	14	-14000	0.000000	240000	0	0
band	12	101	200	14	-14850	-22.727273	240000	0	0
band	12	201	400	14	-12300	-19.095477	240000	0	0
band	12	401	1000	14	-13300	-7.879800	240000	0	0
band	12	1001	2000	1	-5600	-4.954955	260000	0	0
band	12	2001	3000	1	-7750	-3.468468	260000	0	0
band	12	3001	5000	1	-10750	-2.190095	260000	0	0
band	12	5001	8000	1	-14250	-1.495498	260000	0	0
band	12	8001	12000	1	-16900	-1.297074	260000	0	0
band	12	12001	60000	1	-20900	-0.999812	260000	0	0
band	13	0	100	14	-13500	0.000000	240000	0	0
band	13	101	200	14	-14300	-22.727273	240000	0	0
band	13	201	400	14	-11900	-19.095477	240000	0	0
band	13	401	1000	14	-12900	-7.879800	240000	0	0
band	13	1001	2000	1	-5300	-4.954955	260000	0	0
band	13	2001	3000	1	-7500	-3.468468	260000	0	0
band	13	3001	5000	1	-10500	-2.190095	260000	0	0
band	13	5001	8000	1	-14000	-1.495498	260000	0	0
band	13	8001	12000	1	-16700	-1.297074	260000	0	0
band	13	12001	60000	1	-20700	-0.999812	260000	0	0
band	14	0	100	14	-13000	0.000000	240000	0	0
band	14	101	200	14	-13750	-22.727273	240000	0	0
band	14	201	400	14	-11500	-19.095477	240000	0	0
band	14	401	1000	14	-12500	-7.879800	240000	0	0
band	14	1001	2000	1	-5000	-4.954955	260000	0	0
band	14	2001	3000	1	-7250	-3.468468	260000	0	0
band	14	3001	5000	1	-10250	-2.190095	260000	0	0
band	14	5001	8000	1	-13750	-1.495498	260000	0	0
band	14	8001	12000	1	-16500	-1.297074	260000	0	0
band	14	12001	60000	1	-20500	-0.999812	260000	0	0
band	15	0	100	14	-12500	0.000000	240000	0	0
band	15	101	200	14	-13200	-22.727273	240000	0	0
band	15	201	400	14	-11100	-19.095477	240000	0	0
band	15	401	1000	14	-12100	-7.879800	240000	0	0
band	15	1001	2000	1	-4700	-4.954955	260000	0	0
band	15	2001	3000	1	-7000	-3.468468	260000	0	0
band	15	3001	5000	1	-10000	-2.190095	260000	0	0
band	15	5001	8000	1	-13500	-1.495498	260000	0	0
band	15	8001	12000	1	-16300	-1.297074	260000	0	0
band	15	12001	60000	1	-20300	-0.999812	260000	0	0
band	16	0	100	14	-12000	0.000000	240000	0	0
band	16	101	200	14	-12650	-22.727273	240000	0	0
band	16	201	400	14	-10700	-19.095477	240000	0	0
band	16	401	1000	14	-11700	-7.879800	240000	0	0
band	16	1001	2000	1	-4400	-4.954955	260000	0	0
band	16	2001	3000	1	-6750	-3.468468	260000	0	0
band	16	3001	5000	1	-9750	-2.190095	260000	0	0
band	16	5001	8000	1	-13250	-1.495498	260000	0	0
band	16	8001	12000	1	-16100	-1.297074	260000	0	0
band	16	12001	60000	1	-20100	-0.999812	260000	0	0
band	17	0	100	14	-11500	0.000000	240000	0	0
band	17	101	200	14	-12100	-22.727273	240000	0	0
band	17	201	400	14	-10300	-19.095477	240000	0	0
band	17	401	1000	14	-11300	-7.879800	240000	0	0
band	17	1001	2000	1	-4100	-4.954955	260000	0	0
band	17	2001	3000	1	-6500	-3.468468	260000	0	0
band	17	3001	5000	1	-9500	-2.190095	260000	0	0
band	17	5001	8000	1	-13000	-1.495498	260000	0	0
band	17	8001	12000	1	-15900	-1.297074	260000	0	0
band	17	12001	60000	1	-19900	-0.999812	260000	0	0
band	18	0	100	14	-11000	0.000000	240000	0	0
band	18	101	200	14	-11550	-22.727273	240000	0	0
band	18	201	400	14	-9900	-19.095477	240000	0	0
band	18	401	1000	14	-10900	-7.879800	240000	0	0
band	18	1001	2000	1	-3800	-4.954955	260000	0	0
band	18	2001	3000	1	-6250	-3.468468	260000	0	0
band	18	3001	5000	1	-9250	-2.190095	260000	0	0
band	18	5001	8000	1	-12750	-1.495498	260000	0	0
band	18	8001	12000	1	-15700	-1.297074	260000	0	0
band	18	12001	60000	1	-19700	-0.999812	260000	0	0
band	19	0	100	14	-10500	0.000000	240000	0	0
band	19	101	200	14	-11000	-22.727273	240000	0	0
band	19	201	400	14	-9500	-19.095477	240000	0	0
band	19	401	1000	14	-10500	-7.879800	240000	0	0
band	19	1001	2000	1	-3500	-4.954955	260000	0	0
band	19	2001	3000	1	-6000	-3.468468	260000	0	0
band	19	3001	5000	1	-9000	-2.190095	260000	0	0
band	19	5001	8000	1	-12500	-1.495498	260000	0	0
band	19	8001	12000	1	-15500	-1.297074	260000	0	0
band	19	12001	60000	1	-19500	-0.999812	260000	0	0
band	20	0	100	14	-10000	0.000000	240000	0	0
band	20	101	200	14	-10450	-22.727273	240000	0	0
band	20	201	400	14	-9100	-19.095477	240000	0	0
band	20	401	1000	14	-10100	-7.879800	240000	0	0
band	20	1001	2000	1	-3200	-4.954955	260000	0	0
band	20	2001	3000	1	-5750	-3.468468	260000	0	0
band	20	3001	5000	1	-8750	-2.190095	260000	0	0
band	20	5001	8000	1	-12250	-1.495498	260000	0	0
band	20	8001	12000	1	-15300	-1.297074	260000	0	0
band	20	12001	60000	1	-19300	-0.999812	260000	0	0
band	21	0	100	14	-9500	0.000000	240000	0	0
band	21	101	200	14	-9900	-22.727273	240000	0	0
band	21	201	400	14	-8700	-19.095477	240000	0	0
band	21	401	1000	14	-9700	-7.879800	240000	0	0
band	21	1001	2000	1	-2900	-4.954955	260000	0	0
band	21	2001	3000	1	-5500	-3.468468	260000	0	0
band	21	3001	5000	1	-8500	-2.190095	260000	0	0
band	21	5001	8000	1	-12000	-1.495498	260000	0	0
band	21	8001	12000	1	-15100	-1.297074	260000	0	0
band	21	12001	60000	1	-19100	-0.999812	260000	0	0
band	22	0	100	14	-9000	0.000000	240000	0	0
band	22	101	200	14	-9350	-22.727273	240000	0	0
band	22	201	400	14	-8300	-19.095477	240000	0	0
band	22	401	1000	14	-9300	-7.879800	240000	0	0
band	22	1001	2000	1	-2600	-4.954955	260000	0	0
band	22	2001	3000	1	-5250	-3.468468	260000	0	0
band	22	3001	5000	1	-8250	-2.190095	260000	0	0
band	22	5001	8000	1	-11750	-1.495498	260000	0	0
band	22	8001	12000	1	-14900	-1.297074	260000	0	0
band	22	12001	60000	1	-18900	-0.999812	260000	0	0
band	23	0	100	14	-8500	0.000000	240000	0	0
band	23	101	200	14	-8800	-22.727273	240000	0	0
band	23	201	400	14	-7900	-19.095477	240000	0	0
band	23	401	1000	14	-8900	-7.879800	240000	0	0
band	23	1001	2000	1	-2300	-4.954955	260000	0	0
band	23	2001	3000	1	-5000	-3.468468	260000	0	0
band	23	3001	5000	1	-8000	-2.190095	260000	0	0
band	23	5001	8000	1	-11500	-1.495498	260000	0	0
band	23	8001	12000	1	-14700	-1.297074	260000	0	0
band	23	12001	60000	1	-18700	-0.999812	260000	0	0
band	24	0	100	14	-8000	0.000000	240000	0	0
band	24	101	200	14	-8250	-22.727273	240000	0	0
band	24	201	400	14	-7500	-19.095477	240000	0	0
band	24	401	1000	14	-8500	-7.879800	240000	0	0
band	24	1001	2000	1	-2000	-4.954955	260000	0	0
band	24	2001	3000	1	-4750	-3.468468	260000	0	0
band	24	3001	5000	1	-7750	-2.190095	260000	0	0
band	24	5001	8000	1	-11250	-1.495498	260000	0	0
band	24	8001	12000	1	-14500	-1.297074	260000	0	0
band	24	12001	60000	1	-18500	-0.999812	260000	0	0
band	25	0	100	14	-7500	0.000000	240000	0	0
band	25	101	200	14	-7700	-22.727273	240000	0	0
band	25	201	400	14	-7100	-19.095477	240000	0	0
band	25	401	1000	14	-8100	-7.879800	240000	0	0
band	25	1001	2000	1	-1700	-4.954955	260000	0	0
band	25	2001	3000	1	-4500	-3.468468	260000	0	0
band	25	3001	5000	1	-7500	-2.190095	260000	0	0
band	25	5001	8000	1	-11000	-1.495498	260000	0	0
band	25	8001	12000	1	-14300	-1.297074	260000	0	0
band	25	12001	60000	1	-18300	-0.999812	260000	0	0
band	26	0	100	14	-7000	0.000000	240000	0	0
band	26	101	200	14	-7150	-22.727273	240000	0	0
band	26	201	400	14	-6700	-19.095477	240000	0	0
band	26	401	1000	14	-7700	-7.879800	240000	0	0
band	26	1001	2000	1	-1400	-4.954955	260000	0	0
band	26	2001	3000	1	-4250	-3.468468	260000	0	0
band	26	3001	5000	1	-7250	-2.190095	260000	0	0
band	26	5001	8000	1	-10750	-1.495498	260000	0	0
band	26	8001	12000	1	-14100	-1.297074	260000	0	0
band	26	12001	60000	1	-18100	-0.999812	260000	0	0
band	27	0	100	14	-6500	0.000000	240000	0	0
band	27	101	200	14	-6600	-22.727273	240000	0	0
band	27	201	400	14	-6300	-19.095477	240000	0	0
band	27	401	1000	14	-7300	-7.879800	240000	0	0
band	27	1001	2000	1	-1100	-4.954955	260000	0	0
band	27	2001	3000	1	-4000	-3.468468	260000	0	0
band	27	3001	5000	1	-7000	-2.190095	260000	0	0
band	27	5001	8000	1	-10500	-1.495498	260000	0	0
band	27	8001	12000	1	-13900	-1.297074	260000	0	0
band	27	12001	60000	1	-17900	-0.999812	260000	0	0
band	28	0	100	14	-6000	0.000000	240000	0	0
band	28	101	200	14	-6050	-22.727273	240000	0	0
band	28	201	400	14	-5900	-19.095477	240000	0	0
band	28	401	1000	14	-6900	-7.879800	240000	0	0
band	28	1001	2000	1	-800	-4.954955	260000	0	0
band	28	2001	3000	1	-3750	-3.468468	260000	0	0
band	28	3001	5000	1	-6750	-2.190095	260000	0	0
band	28	5001	8000	1	-10250	-1.495498	260000	0	0
band	28	8001	12000	1	-13700	-1.297074	260000	0	0
band	28	12001	60000	1	-17700	-0.999812	260000	0	0
band	29	0	100	14	-5500	0.000000	240000	0	0
band	29	101	200	14	-5500	-22.727273	240000	0	0
band	29	201	400	14	-5500	-19.095477	240000	0	0
band	29	401	1000	14	-6500	-7.879800	240000	0	0
band	29	1001	2000	1	-500	-4.954955	260000	0	0
band	29	2001	3000	1	-3500	-3.468468	260000	0	0
band	29	3001	5000	1	-6500	-2.190095	260000	0	0
band	29	5001	8000	1	-10000	-1.495498	260000	0	0
band	29	8001	12000	1	-13500	-1.297074	260000	0	0
band	29	12001	60000	1	-17500	-0.999812	260000	0	0
band	30	0	100	14	-7500	0.000000	240000	0	0
band	30	101	200	14	-5100	-22.727273	240000	0	0
band	30	201	400	14	-4400	-19.095477	240000	0	0
band	30	401	1000	14	-6100	-7.879800	240000	0	0
band	30	1001	2000	14	-7400	-4.954955	240000	0	0
band	30	2001	3000	1	-3700	-3.468468	260000	0	0
band	30	3001	5000	1	-7700	-1.990995	260000	0	0
band	30	5001	8000	1	-11000	-1.495498	260000	0	0
band	30	8001	12000	1	-14000	-0.997749	260000	0	0
band	30	12001	60000	1	-17000	-0.999812	260000	0	0
band	31	0	100	14	-7000	0.000000	240000	0	0
band	31	101	200	14	-4700	-22.727273	240000	0	0
band	31	201	400	14	-4050	-19.095477	240000	0	0
band	31	401	1000	14	-5700	-7.879800	240000	0	0
band	31	1001	2000	14	-7050	-4.954955	240000	0	0
band	31	2001	3000	1	-3400	-3.468468	260000	0	0
band	31	3001	5000	1	-7400	-1.990995	260000	0	0
band	31	5001	8000	1	-10750	-1.495498	260000	0	0
band	31	8001	12000	1	-13750	-0.997749	260000	0	0
band	31	12001	60000	1	-16750	-0.999812	260000	0	0
band	32	0	100	14	-6500	0.000000	240000	0	0
band	32	101	200	14	-4300	-22.727273	240000	0	0
band	32	201	400	14	-3700	-19.095477	240000	0	0
band	32	401	1000	14	-5300	-7.879800	240000	0	0
band	32	1001	2000	14	-6700	-4.954955	240000	0	0
band	32	2001	3000	1	-3100	-3.468468	260000	0	0
band	32	3001	5000	1	-7100	-1.990995	260000	0	0
band	32	5001	8000	1	-10500	-1.495498	260000	0	0
band	32	8001	12000	1	-13500	-0.997749	260000	0	0
band	32	12001	60000	1	-16500	-0.999812	260000	0	0
band	33	0	100	14	-6000	0.000000	240000	0	0
band	33	101	200	14	-3900	-22.727273	240000	0	0
band	33	201	400	14	-3350	-19.095477	240000	0	0
band	33	401	1000	14	-4900	-7.879800	240000	0	0
band	33	1001	2000	14	-6350	-4.954955	240000	0	0
band	33	2001	3000	1	-2800	-3.468468	260000	0	0
band	33	3001	5000	1	-6800	-1.990995	260000	0	0
band	33	5001	8000	1	-10250	-1.495498	260000	0	0
band	33	8001	12000	1	-13250	-0.997749	260000	0	0
band	33	12001	60000	1	-16250	-0.999812	260000	0	0
band	34	0	100	14	-5500	0.000000	240000	0	0
band	34	101	200	14	-3500	-22.727273	240000	0	0
band	34	201	400	14	-3000	-19.095477	240000	0	0
band	34	401	1000	14	-4500	-7.879800	240000	0	0
band	34	1001	2000	14	-6000	-4.954955	240000	0	0
band	34	2001	3000	1	-2500	-3.468468	260000	0	0
band	34	3001	5000	1	-6500	-1.990995	260000	0	0
band	34	5001	8000	1	-10000	-1.495498	260000	0	0
band	34	8001	12000	1	-13000	-0.997749	260000	0	0
band	34	12001	60000	1	-16000	-0.999812	260000	0	0
band	35	0	100	14	-5000	0.000000	240000	0	0
band	35	101	200	14	-3100	-22.727273	240000	0	0
band	35	201	400	14	-2650	-19.095477	240000	0	0
band	35	401	1000	14	-4100	-7.879800	240000	0	0
band	35	1001	2000	14	-5650	-4.954955	240000	0	0
band	35	2001	3000	1	-2200	-3.468468	260000	0	0
band	35	3001	5000	1	-6200	-1.990995	260000	0	0
band	35	5001	8000	1	-9750	-1.495498	260000	0	0
band	35	8001	12000	1	-12750	-0.997749	260000	0	0
band	35	12001	60000	1	-15750	-0.999812	260000	0	0
band	36	0	100	14	-4500	0.000000	240000	0	0
band	36	101	200	14	-2700	-22.727273	240000	0	0
band	36	201	400	14	-2300	-19.095477	240000	0	0
band	36	401	1000	14	-3700	-7.879800	240000	0	0
band	36	1001	2000	14	-5300	-4.954955	240000	0	0
band	36	2001	3000	1	-1900	-3.468468	260000	0	0
band	36	3001	5000	1	-5900	-1.990995	260000	0	0
band	36	5001	8000	1	-9500	-1.495498	260000	0	0
band	36	8001	12000	1	-12500	-0.997749	260000	0	0
band	36	12001	60000	1	-15500	-0.999812	260000	0	0
band	37	0	100	14	-4000	0.000000	240000	0	0
band	37	101	200	14	-2300	-22.727273	240000	0	0
band	37	201	400	14	-1950	-19.095477	240000	0	0
band	37	401	1000	14	-3300	-7.879800	240000	0	0
band	37	1001	2000	14	-4950	-4.954955	240000	0	0
band	37	2001	3000	1	-1600	-3.468468	260000	0	0
band	37	3001	5000	1	-5600	-1.990995	260000	0	0
band	37	5001	8000	1	-9250	-1.495498	260000	0	0
band	37	8001	12000	1	-12250	-0.997749	260000	0	0
band	37	12001	60000	1	-15250	-0.999812	260000	0	0
band	38	0	100	14	-3500	0.000000	240000	0	0
band	38	101	200	14	-1900	-22.727273	240000	0	0
band	38	201	400	14	-1600	-19.095477	240000	0	0
band	38	401	1000	14	-2900	-7.879800	240000	0	0
band	38	1001	2000	14	-4600	-4.954955	240000	0	0
band	38	2001	3000	1	-1300	-3.468468	260000	0	0
band	38	3001	5000	1	-5300	-1.990995	260000	0	0
band	38	5001	8000	1	-9000	-1.495498	260000	0	0
band	38	8001	12000	1	-12000	-0.997749	260000	0	0
band	38	12001	60000	1	-15000	-0.999812	260000	0	0
band	39	0	100	14	-3000	0.000000	240000	0	0
band	39	101	200	14	-1500	-22.727273	240000	0	0
band	39	201	400	14	-1250	-19.095477	240000	0	0
band	39	401	1000	14	-2500	-7.879800	240000	0	0
band	39	1001	2000	14	-4250	-4.954955	240000	0	0
band	39	2001	3000	1	-1000	-3.468468	260000	0	0
band	39	3001	5000	1	-5000	-1.990995	260000	0	0
band	39	5001	8000	1	-8750	-1.495498	260000	0	0
band	39	8001	12000	1	-11750	-0.997749	260000	0	0
band	39	12001	60000	1	-14750	-0.999812	260000	0	0
band	40	0	100	14	-2500	0.000000	240000	0	0
band	40	101	200	14	-1100	-22.727273	240000	0	0
band	40	201	400	14	-900	-19.095477	240000	0	0
band	40	401	1000	14	-2100	-7.879800	240000	0	0
band	40	1001	2000	14	-3900	-4.954955	240000	0	0
band	40	2001	3000	1	-700	-3.468468	260000	0	0
band	40	3001	5000	1	-4700	-1.990995	260000	0	0
band	40	5001	8000	1	-8500	-1.495498	260000	0	0
band	40	8001	12000	1	-11500	-0.997749	260000	0	0
band	40	12001	60000	1	-14500	-0.999812	260000	0	0
band	41	0	100	14	-2000	0.000000	240000	0	0
band	41	101	200	14	-700	-22.727273	240000	0	0
band	41	201	400	14	-550	-19.095477	240000	0	0
band	41	401	1000	14	-1700	-7.879800	240000	0	0
band	41	1001	2000	14	-3550	-4.954955	240000	0	0
band	41	2001	3000	1	-400	-3.468468	260000	0	0
band	41	3001	5000	1	-4400	-1.990995	260000	0	0
band	41	5001	8000	1	-8250	-1.495498	260000	0	0
band	41	8001	12000	1	-11250	-0.997749	260000	0	0
band	41	12001	60000	1	-14250	-0.999812	260000	0	0
band	42	0	100	14	-1500	0.000000	240000	0	0
band	42	101	200	14	-300	-22.727273	240000	0	0
band	42	201	400	14	-200	-19.095477	240000	0	0
band	42	401	1000	14	-1300	-7.879800	240000	0	0
band	42	1001	2000	14	-3200	-4.954955	240000	0	0
band	42	2001	3000	1	-100	-3.468468	260000	0	0
band	42	3001	5000	1	-4100	-1.990995	260000	0	0
band	42	5001	8000	1	-8000	-1.495498	260000	0	0
band	42	8001	12000	1	-11000	-0.997749	260000	0	0
band	42	12001	60000	1	-14000	-0.999812	260000	0	0
band	43	0	100	14	-1000	0.000000	240000	0	0
band	43	101	200	14	100	-22.727273	240000	0	0
band	43	201	400	14	150	-19.095477	240000	0	0
band	43	401	1000	14	-900	-7.879800	240000	0	0
band	43	1001	2000	14	-2850	-4.954955	240000	0	0
band	43	2001	3000	1	200	-3.468468	260000	0	0
band	43	3001	5000	1	-3800	-1.990995	260000	0	0
band	43	5001	8000	1	-7750	-1.495498	260000	0	0
band	43	8001	12000	1	-10750	-0.997749	260000	0	0
band	43	12001	60000	1	-13750	-0.999812	260000	0	0
band	44	0	100	14	-500	0.000000	240000	0	0
band	44	101	200	14	500	-22.727273	240000	0	0
band	44	201	400	14	500	-19.095477	240000	0	0
band	44	401	1000	14	-500	-7.879800	240000	0	0
band	44	1001	2000	14	-2500	-4.954955	240000	0	0
band	44	2001	3000	1	500	-3.468468	260000	0	0
band	44	3001	5000	1	-3500	-1.990995	260000	0	0
band	44	5001	8000	1	-7500	-1.495498	260000	0	0
band	44	8001	12000	1	-10500	-0.997749	260000	0	0
band	44	12001	60000	1	-13500	-0.999812	260000	0	0
band	45	0	100	28	-7100	0.000000	220000	0	0
band	45	101	200	28	-7100	-22.727273	220000	0	0
band	45	201	400	28	-7100	-19.095477	220000	0	0
band	45	401	1000	14	-100	-7.879800	240000	0	0
band	45	1001	2000	14	-2200	-4.954955	240000	0	0
band	45	2001	3000	14	-4500	-3.468468	240000	0	0
band	45	3001	5000	1	1000	-1.990995	260000	0	0
band	45	5001	8000	1	-2000	-1.395799	260000	0	0
band	45	8001	12000	1	-4300	-0.997749	260000	0	0
band	45	12001	60000	1	-8300	-0.999812	260000	0	0
band	46	0	100	28	-6700	0.000000	220000	0	0
band	46	101	200	28	-6700	-22.727273	220000	0	0
band	46	201	400	28	-6700	-19.095477	220000	0	0
band	46	401	1000	14	300	-7.879800	240000	0	0
band	46	1001	2000	14	-1900	-4.954955	240000	0	0
band	46	2001	3000	14	-4250	-3.468468	240000	0	0
band	46	3001	5000	1	1250	-1.990995	260000	0	0
band	46	5001	8000	1	-1750	-1.395799	260000	0	0
band	46	8001	12000	1	-4100	-0.997749	260000	0	0
band	46	12001	60000	1	-8100	-0.999812	260000	0	0
band	47	0	100	28	-6300	0.000000	220000	0	0
band	47	101	200	28	-6300	-22.727273	220000	0	0
band	47	201	400	28	-6300	-19.095477	220000	0	0
band	47	401	1000	14	700	-7.879800	240000	0	0
band	47	1001	2000	14	-1600	-4.954955	240000	0	0
band	47	2001	3000	14	-4000	-3.468468	240000	0	0
band	47	3001	5000	1	1500	-1.990995	260000	0	0
band	47	5001	8000	1	-1500	-1.395799	260000	0	0
band	47	8001	12000	1	-3900	-0.997749	260000	0	0
band	47	12001	60000	1	-7900	-0.999812	260000	0	0
band	48	0	100	28	-5900	0.000000	220000	0	0
band	48	101	200	28	-5900	-22.727273	220000	0	0
band	48	201	400	28	-5900	-19.095477	220000	0	0
band	48	401	1000	14	1100	-7.879800	240000	0	0
band	48	1001	2000	14	-1300	-4.954955	240000	0	0
band	48	2001	3000	14	-3750	-3.468468	240000	0	0
band	48	3001	5000	1	1750	-1.990995	260000	0	0
band	48	5001	8000	1	-1250	-1.395799	260000	0	0
band	48	8001	12000	1	-3700	-0.997749	260000	0	0
band	48	12001	60000	1	-7700	-0.999812	260000	0	0
band	49	0	100	28	-5500	0.000000	220000	0	0
band	49	101	200	28	-5500	-22.727273	220000	0	0
band	49	201	400	28	-5500	-19.095477	220000	0	0
band	49	401	1000	14	1500	-7.879800	240000	0	0
band	49	1001	2000	14	-1000	-4.954955	240000	0	0
band	49	2001	3000	14	-3500	-3.468468	240000	0	0
band	49	3001	5000	1	2000	-1.990995	260000	0	0
band	49	5001	8000	1	-1000	-1.395799	260000	0	0
band	49	8001	12000	1	-3500	-0.997749	260000	0	0
band	49	12001	60000	1	-7500	-0.999812	260000	0	0
band	50	0	100	28	-5100	0.000000	220000	0	0
band	50	101	200	28	-5100	-22.727273	220000	0	0
band	50	201	400	28	-5100	-19.095477	220000	0	0
band	50	401	1000	14	1900	-7.879800	240000	0	0
band	50	1001	2000	14	-700	-4.954955	240000	0	0
band	50	2001	3000	14	-3250	-3.468468	240000	0	0
band	50	3001	5000	1	2250	-1.990995	260000	0	0
band	50	5001	8000	1	-750	-1.395799	260000	0	0
band	50	8001	12000	1	-3300	-0.997749	260000	0	0
band	50	12001	60000	1	-7300	-0.999812	260000	0	0
band	51	0	100	28	-4700	0.000000	220000	0	0
band	51	101	200	28	-4700	-22.727273	220000	0	0
band	51	201	400	28	-4700	-19.095477	220000	0	0
band	51	401	1000	14	2300	-7.879800	240000	0	0
band	51	1001	2000	14	-400	-4.954955	240000	0	0
band	51	2001	3000	14	-3000	-3.468468	240000	0	0
band	51	3001	5000	1	2500	-1.990995	260000	0	0
band	51	5001	8000	1	-500	-1.395799	260000	0	0
band	51	8001	12000	1	-3100	-0.997749	260000	0	0
band	51	12001	60000	1	-7100	-0.999812	260000	0	0
band	52	0	100	28	-4300	0.000000	220000	0	0
band	52	101	200	28	-4300	-22.727273	220000	0	0
band	52	201	400	28	-4300	-19.095477	220000	0	0
band	52	401	1000	14	2700	-7.879800	240000	0	0
band	52	1001	2000	14	-100	-4.954955	240000	0	0
band	52	2001	3000	14	-2750	-3.468468	240000	0	0
band	52	3001	5000	1	2750	-1.990995	260000	0	0
band	52	5001	8000	1	-250	-1.395799	260000	0	0
band	52	8001	12000	1	-2900	-0.997749	260000	0	0
band	52	12001	60000	1	-6900	-0.999812	260000	0	0
band	53	0	100	28	-3900	0.000000	220000	0	0
band	53	101	200	28	-3900	-22.727273	220000	0	0
band	53	201	400	28	-3900	-19.095477	220000	0	0
band	53	401	1000	14	3100	-7.879800	240000	0	0
band	53	1001	2000	14	200	-4.954955	240000	0	0
band	53	2001	3000	14	-2500	-3.468468	240000	0	0
band	53	3001	5000	1	3000	-1.990995	260000	0	0
band	53	5001	8000	1	0	-1.395799	260000	0	0
band	53	8001	12000	1	-2700	-0.997749	260000	0	0
band	53	12001	60000	1	-6700	-0.999812	260000	0	0
band	54	0	100	28	-3500	0.000000	220000	0	0
band	54	101	200	28	-3500	-22.727273	220000	0	0
band	54	201	400	28	-3500	-19.095477	220000	0	0
band	54	401	1000	14	3500	-7.879800	240000	0	0
band	54	1001	2000	14	500	-4.954955	240000	0	0
band	54	2001	3000	14	-2250	-3.468468	240000	0	0
band	54	3001	5000	1	3250	-1.990995	260000	0	0
band	54	5001	8000	1	250	-1.395799	260000	0	0
band	54	8001	12000	1	-2500	-0.997749	260000	0	0
band	54	12001	60000	1	-6500	-0.999812	260000	0	0
band	55	0	100	28	-3100	0.000000	220000	0	0
band	55	101	200	28	-3100	-22.727273	220000	0	0
band	55	201	400	28	-3100	-19.095477	220000	0	0
band	55	401	1000	14	3900	-7.879800	240000	0	0
band	55	1001	2000	14	800	-4.954955	240000	0	0
band	55	2001	3000	14	-2000	-3.468468	240000	0	0
band	55	3001	5000	1	3500	-1.990995	260000	0	0
band	55	5001	8000	1	500	-1.395799	260000	0	0
band	55	8001	12000	1	-2300	-0.997749	260000	0	0
band	55	12001	60000	1	-6300	-0.999812	260000	0	0
band	56	0	100	28	-2700	0.000000	220000	0	0
band	56	101	200	28	-2700	-22.727273	220000	0	0
band	56	201	400	28	-2700	-19.095477	220000	0	0
band	56	401	1000	14	4300	-7.879800	240000	0	0
band	56	1001	2000	14	1100	-4.954955	240000	0	0
band	56	2001	3000	14	-1750	-3.468468	240000	0	0
band	56	3001	5000	1	3750	-1.990995	260000	0	0
band	56	5001	8000	1	750	-1.395799	260000	0	0
band	56	8001	12000	1	-2100	-0.997749	260000	0	0
band	56	12001	60000	1	-6100	-0.999812	260000	0	0
band	57	0	100	28	-2300	0.000000	220000	0	0
band	57	101	200	28	-2300	-22.727273	220000	0	0
band	57	201	400	28	-2300	-19.095477	220000	0	0
band	57	401	1000	14	4700	-7.879800	240000	0	0
band	57	1001	2000	14	1400	-4.954955	240000	0	0
band	57	2001	3000	14	-1500	-3.468468	240000	0	0
band	57	3001	5000	1	4000	-1.990995	260000	0	0
band	57	5001	8000	1	1000	-1.395799	260000	0	0
band	57	8001	12000	1	-1900	-0.997749	260000	0	0
band	57	12001	60000	1	-5900	-0.999812	260000	0	0
band	58	0	100	28	-1900	0.000000	220000	0	0
band	58	101	200	28	-1900	-22.727273	220000	0	0
band	58	201	400	28	-1900	-19.095477	220000	0	0
band	58	401	1000	14	5100	-7.879800	240000	0	0
band	58	1001	2000	14	1700	-4.954955	240000	0	0
band	58	2001	3000	14	-1250	-3.468468	240000	0	0
band	58	3001	5000	1	4250	-1.990995	260000	0	0
band	58	5001	8000	1	1250	-1.395799	260000	0	0
band	58	8001	12000	1	-1700	-0.997749	260000	0	0
band	58	12001	60000	1	-5700	-0.999812	260000	0	0
band	59	0	100	28	-1500	0.000000	220000	0	0
band	59	101	200	28	-1500	-22.727273	220000	0	0
band	59	201	400	28	-1500	-19.095477	220000	0	0
band	59	401	1000	14	5500	-7.879800	240000	0	0
band	59	1001	2000	14	2000	-4.954955	240000	0	0
band	59	2001	3000	14	-1000	-3.468468	240000	0	0
band	59	3001	5000	1	4500	-1.990995	260000	0	0
band	59	5001	8000	1	1500	-1.395799	260000	0	0
band	59	8001	12000	1	-1500	-0.997749	260000	0	0
band	59	12001	60000	1	-5500	-0.999812	260000	0	0
band	60	0	100	42	-10500	0.000000	200000	0	0
band	60	101	200	42	-9500	-22.727273	200000	0	0
band	60	201	400	42	-9500	-19.095477	200000	0	0
band	60	401	1000	28	-2000	-7.879800	220000	0	0
band	60	1001	2000	14	2800	-4.954955	240000	0	0
band	60	2001	3000	14	-1200	-3.468468	240000	0	0
band	60	3001	5000	14	-4570	-2.488744	240000	0	0
band	60	5001	8000	14	-6270	-1.694898	240000	0	0
band	60	8001	12000	1	-4570	-1.197299	260000	0	0
band	60	12001	60000	1	-8570	-0.999812	260000	0	0
band	61	0	100	42	-10000	0.000000	200000	0	0
band	61	101	200	42	-9000	-22.727273	200000	0	0
band	61	201	400	42	-9000	-19.095477	200000	0	0
band	61	401	1000	28	-1500	-7.879800	220000	0	0
band	61	1001	2000	14	3100	-4.954955	240000	0	0
band	61	2001	3000	14	-900	-3.468468	240000	0	0
band	61	3001	5000	14	-4340	-2.488744	240000	0	0
band	61	5001	8000	14	-6240	-1.694898	240000	0	0
band	61	8001	12000	1	-4340	-1.197299	260000	0	0
band	61	12001	60000	1	-8340	-0.999812	260000	0	0
band	62	0	100	42	-9500	0.000000	200000	0	0
band	62	101	200	42	-8500	-22.727273	200000	0	0
band	62	201	400	42	-8500	-19.095477	200000	0	0
band	62	401	1000	28	-1000	-7.879800	220000	0	0
band	62	1001	2000	14	3400	-4.954955	240000	0	0
band	62	2001	3000	14	-600	-3.468468	240000	0	0
band	62	3001	5000	14	-4110	-2.488744	240000	0	0
band	62	5001	8000	14	-6210	-1.694898	240000	0	0
band	62	8001	12000	1	-4110	-1.197299	260000	0	0
band	62	12001	60000	1	-8110	-0.999812	260000	0	0
band	63	0	100	42	-9000	0.000000	200000	0	0
band	63	101	200	42	-8000	-22.727273	200000	0	0
band	63	201	400	42	-8000	-19.095477	200000	0	0
band	63	401	1000	28	-500	-7.879800	220000	0	0
band	63	1001	2000	14	3700	-4.954955	240000	0	0
band	63	2001	3000	14	-300	-3.468468	240000	0	0
band	63	3001	5000	14	-3880	-2.488744	240000	0	0
band	63	5001	8000	14	-6180	-1.694898	240000	0	0
band	63	8001	12000	1	-3880	-1.197299	260000	0	0
band	63	12001	60000	1	-7880	-0.999812	260000	0	0
band	64	0	100	42	-8500	0.000000	200000	0	0
band	64	101	200	42	-7500	-22.727273	200000	0	0
band	64	201	400	42	-7500	-19.095477	200000	0	0
band	64	401	1000	28	0	-7.879800	220000	0	0
band	64	1001	2000	14	4000	-4.954955	240000	0	0
band	64	2001	3000	14	0	-3.468468	240000	0	0
band	64	3001	5000	14	-3650	-2.488744	240000	0	0
band	64	5001	8000	14	-6150	-1.694898	240000	0	0
band	64	8001	12000	1	-3650	-1.197299	260000	0	0
band	64	12001	60000	1	-7650	-0.999812	260000	0	0
band	65	0	100	42	-8000	0.000000	200000	0	0
band	65	101	200	42	-7000	-22.727273	200000	0	0
band	65	201	400	42	-7000	-19.095477	200000	0	0
band	65	401	1000	28	500	-7.879800	220000	0	0
band	65	1001	2000	14	4300	-4.954955	240000	0	0
band	65	2001	3000	14	300	-3.468468	240000	0	0
band	65	3001	5000	14	-3420	-2.488744	240000	0	0
band	65	5001	8000	14	-6120	-1.694898	240000	0	0
band	65	8001	12000	1	-3420	-1.197299	260000	0	0
band	65	12001	60000	1	-7420	-0.999812	260000	0	0
band	66	0	100	42	-7500	0.000000	200000	0	0
band	66	101	200	42	-6500	-22.727273	200000	0	0
band	66	201	400	42	-6500	-19.095477	200000	0	0
band	66	401	1000	28	1000	-7.879800	220000	0	0
band	66	1001	2000	14	4600	-4.954955	240000	0	0
band	66	2001	3000	14	600	-3.468468	240000	0	0
band	66	3001	5000	14	-3190	-2.488744	240000	0	0
band	66	5001	8000	14	-6090	-1.694898	240000	0	0
band	66	8001	12000	1	-3190	-1.197299	260000	0	0
band	66	12001	60000	1	-7190	-0.999812	260000	0	0
band	67	0	100	42	-7000	0.000000	200000	0	0
band	67	101	200	42	-6000	-22.727273	200000	0	0
band	67	201	400	42	-6000	-19.095477	200000	0	0
band	67	401	1000	28	1500	-7.879800	220000	0	0
band	67	1001	2000	14	4900	-4.954955	240000	0	0
band	67	2001	3000	14	900	-3.468468	240000	0	0
band	67	3001	5000	14	-2960	-2.488744	240000	0	0
band	67	5001	8000	14	-6060	-1.694898	240000	0	0
band	67	8001	12000	1	-2960	-1.197299	260000	0	0
band	67	12001	60000	1	-6960	-0.999812	260000	0	0
band	68	0	100	42	-6500	0.000000	200000	0	0
band	68	101	200	42	-5500	-22.727273	200000	0	0
band	68	201	400	42	-5500	-19.095477	200000	0	0
band	68	401	1000	28	2000	-7.879800	220000	0	0
band	68	1001	2000	14	5200	-4.954955	240000	0	0
band	68	2001	3000	14	1200	-3.468468	240000	0	0
band	68	3001	5000	14	-2730	-2.488744	240000	0	0
band	68	5001	8000	14	-6030	-1.694898	240000	0	0
band	68	8001	12000	1	-2730	-1.197299	260000	0	0
band	68	12001	60000	1	-6730	-0.999812	260000	0	0
band	69	0	100	42	-6000	0.000000	200000	0	0
band	69	101	200	42	-5000	-22.727273	200000	0	0
band	69	201	400	42	-5000	-19.095477	200000	0	0
band	69	401	1000	28	2500	-7.879800	220000	0	0
band	69	1001	2000	14	5500	-4.954955	240000	0	0
band	69	2001	3000	14	1500	-3.468468	240000	0	0
band	69	3001	5000	14	-2500	-2.488744	240000	0	0
band	69	5001	8000	14	-6000	-1.694898	240000	0	0
band	69	8001	12000	1	-2500	-1.197299	260000	0	0
band	69	12001	60000	1	-6500	-0.999812	260000	0	0
band	70	0	100	56	-13950	0.000000	180000	0	0
band	70	101	200	56	-10950	-22.727273	180000	0	0
band	70	201	400	56	-10950	-19.095477	180000	0	0
band	70	401	1000	42	-4600	-7.879800	200000	0	0
band	70	1001	2000	28	-4100	-5.945946	220000	0	0
band	70	2001	3000	28	-7650	-3.963964	220000	0	0
band	70	3001	5000	14	-3200	-2.488744	240000	0	0
band	70	5001	8000	14	-5750	-1.794598	240000	0	0
band	70	8001	12000	14	-8480	-1.297074	240000	0	0
band	70	12001	60000	1	-6480	-0.999812	260000	0	0
band	71	0	100	56	-13400	0.000000	180000	0	0
band	71	101	200	56	-10400	-22.727273	180000	0	0
band	71	201	400	56	-10400	-19.095477	180000	0	0
band	71	401	1000	42	-4200	-7.879800	200000	0	0
band	71	1001	2000	28	-3700	-5.945946	220000	0	0
band	71	2001	3000	28	-7300	-3.963964	220000	0	0
band	71	3001	5000	14	-2900	-2.488744	240000	0	0
band	71	5001	8000	14	-5500	-1.794598	240000	0	0
band	71	8001	12000	14	-8260	-1.297074	240000	0	0
band	71	12001	60000	1	-6260	-0.999812	260000	0	0
band	72	0	100	56	-12850	0.000000	180000	0	0
band	72	101	200	56	-9850	-22.727273	180000	0	0
band	72	201	400	56	-9850	-19.095477	180000	0	0
band	72	401	1000	42	-3800	-7.879800	200000	0	0
band	72	1001	2000	28	-3300	-5.945946	220000	0	0
band	72	2001	3000	28	-6950	-3.963964	220000	0	0
band	72	3001	5000	14	-2600	-2.488744	240000	0	0
band	72	5001	8000	14	-5250	-1.794598	240000	0	0
band	72	8001	12000	14	-8040	-1.297074	240000	0	0
band	72	12001	60000	1	-6040	-0.999812	260000	0	0
band	73	0	100	56	-12300	0.000000	180000	0	0
band	73	101	200	56	-9300	-22.727273	180000	0	0
band	73	201	400	56	-9300	-19.095477	180000	0	0
band	73	401	1000	42	-3400	-7.879800	200000	0	0
band	73	1001	2000	28	-2900	-5.945946	220000	0	0
band	73	2001	3000	28	-6600	-3.963964	220000	0	0
band	73	3001	5000	14	-2300	-2.488744	240000	0	0
band	73	5001	8000	14	-5000	-1.794598	240000	0	0
band	73	8001	12000	14	-7820	-1.297074	240000	0	0
band	73	12001	60000	1	-5820	-0.999812	260000	0	0
band	74	0	100	56	-11750	0.000000	180000	0	0
band	74	101	200	56	-8750	-22.727273	180000	0	0
band	74	201	400	56	-8750	-19.095477	180000	0	0
band	74	401	1000	42	-3000	-7.879800	200000	0	0
band	74	1001	2000	28	-2500	-5.945946	220000	0	0
band	74	2001	3000	28	-6250	-3.963964	220000	0	0
band	74	3001	5000	14	-2000	-2.488744	240000	0	0
band	74	5001	8000	14	-4750	-1.794598	240000	0	0
band	74	8001	12000	14	-7600	-1.297074	240000	0	0
band	74	12001	60000	1	-5600	-0.999812	260000	0	0
band	75	0	100	56	-11200	0.000000	180000	0	0
band	75	101	200	56	-8200	-22.727273	180000	0	0
band	75	201	400	56	-8200	-19.095477	180000	0	0
band	75	401	1000	42	-2600	-7.879800	200000	0	0
band	75	1001	2000	28	-2100	-5.945946	220000	0	0
band	75	2001	3000	28	-5900	-3.963964	220000	0	0
band	75	3001	5000	14	-1700	-2.488744	240000	0	0
band	75	5001	8000	14	-4500	-1.794598	240000	0	0
band	75	8001	12000	14	-7380	-1.297074	240000	0	0
band	75	12001	60000	1	-5380	-0.999812	260000	0	0
band	76	0	100	56	-10650	0.000000	180000	0	0
band	76	101	200	56	-7650	-22.727273	180000	0	0
band	76	201	400	56	-7650	-19.095477	180000	0	0
band	76	401	1000	42	-2200	-7.879800	200000	0	0
band	76	1001	2000	28	-1700	-5.945946	220000	0	0
band	76	2001	3000	28	-5550	-3.963964	220000	0	0
band	76	3001	5000	14	-1400	-2.488744	240000	0	0
band	76	5001	8000	14	-4250	-1.794598	240000	0	0
band	76	8001	12000	14	-7160	-1.297074	240000	0	0
band	76	12001	60000	1	-5160	-0.999812	260000	0	0
band	77	0	100	56	-10100	0.000000	180000	0	0
band	77	101	200	56	-7100	-22.727273	180000	0	0
band	77	201	400	56	-7100	-19.095477	180000	0	0
band	77	401	1000	42	-1800	-7.879800	200000	0	0
band	77	1001	2000	28	-1300	-5.945946	220000	0	0
band	77	2001	3000	28	-5200	-3.963964	220000	0	0
band	77	3001	5000	14	-1100	-2.488744	240000	0	0
band	77	5001	8000	14	-4000	-1.794598	240000	0	0
band	77	8001	12000	14	-6940	-1.297074	240000	0	0
band	77	12001	60000	1	-4940	-0.999812	260000	0	0
band	78	0	100	56	-9550	0.000000	180000	0	0
band	78	101	200	56	-6550	-22.727273	180000	0	0
band	78	201	400	56	-6550	-19.095477	180000	0	0
band	78	401	1000	42	-1400	-7.879800	200000	0	0
band	78	1001	2000	28	-900	-5.945946	220000	0	0
band	78	2001	3000	28	-4850	-3.963964	220000	0	0
band	78	3001	5000	14	-800	-2.488744	240000	0	0
band	78	5001	8000	14	-3750	-1.794598	240000	0	0
band	78	8001	12000	14	-6720	-1.297074	240000	0	0
band	78	12001	60000	1	-4720	-0.999812	260000	0	0
band	79	0	100	56	-9000	0.000000	180000	0	0
band	79	101	200	56	-6000	-22.727273	180000	0	0
band	79	201	400	56	-6000	-19.095477	180000	0	0
band	79	401	1000	42	-1000	-7.879800	200000	0	0
band	79	1001	2000	28	-500	-5.945946	220000	0	0
band	79	2001	3000	28	-4500	-3.963964	220000	0	0
band	79	3001	5000	14	-500	-2.488744	240000	0	0
band	79	5001	8000	14	-3500	-1.794598	240000	0	0
band	79	8001	12000	14	-6500	-1.297074	240000	0	0
band	79	12001	60000	1	-4500	-0.999812	260000	0	0
band	80	0	100	71	-14950	0.000000	160000	0	0
band	80	101	200	85	-14950	-31.818182	140000	0	0
band	80	201	400	71	-10500	-19.095477	160000	0	0
band	80	401	1000	56	-10500	-7.879800	180000	0	0
band	80	1001	2000	42	-6850	-4.954955	200000	0	0
band	80	2001	3000	28	-7800	-3.468468	220000	0	0
band	80	3001	5000	14	-1800	-2.289645	240000	0	0
band	80	5001	8000	14	-4250	-1.296099	240000	0	0
band	80	8001	12000	14	-7030	-0.997749	240000	0	0
band	80	12001	60000	1	-6030	-0.999812	260000	0	0
band	81	0	100	71	-14500	0.000000	160000	0	0
band	81	101	200	85	-14500	-31.818182	140000	0	0
band	81	201	400	71	-10000	-19.095477	160000	0	0
band	81	401	1000	56	-10000	-7.879800	180000	0	0
band	81	1001	2000	42	-6500	-4.954955	200000	0	0
band	81	2001	3000	28	-7500	-3.468468	220000	0	0
band	81	3001	5000	14	-1500	-2.289645	240000	0	0
band	81	5001	8000	14	-4000	-1.296099	240000	0	0
band	81	8001	12000	14	-6800	-0.997749	240000	0	0
band	81	12001	60000	1	-5800	-0.999812	260000	0	0
band	82	0	100	71	-14050	0.000000	160000	0	0
band	82	101	200	85	-14050	-31.818182	140000	0	0
band	82	201	400	71	-9500	-19.095477	160000	0	0
band	82	401	1000	56	-9500	-7.879800	180000	0	0
band	82	1001	2000	42	-6150	-4.954955	200000	0	0
band	82	2001	3000	28	-7200	-3.468468	220000	0	0
band	82	3001	5000	14	-1200	-2.289645	240000	0	0
band	82	5001	8000	14	-3750	-1.296099	240000	0	0
band	82	8001	12000	14	-6570	-0.997749	240000	0	0
band	82	12001	60000	1	-5570	-0.999812	260000	0	0
band	83	0	100	71	-13600	0.000000	160000	0	0
band	83	101	200	85	-13600	-31.818182	140000	0	0
band	83	201	400	71	-9000	-19.095477	160000	0	0
band	83	401	1000	56	-9000	-7.879800	180000	0	0
band	83	1001	2000	42	-5800	-4.954955	200000	0	0
band	83	2001	3000	28	-6900	-3.468468	220000	0	0
band	83	3001	5000	14	-900	-2.289645	240000	0	0
band	83	5001	8000	14	-3500	-1.296099	240000	0	0
band	83	8001	12000	14	-6340	-0.997749	240000	0	0
band	83	12001	60000	1	-5340	-0.999812	260000	0	0
band	84	0	100	71	-13150	0.000000	160000	0	0
band	84	101	200	85	-13150	-31.818182	140000	0	0
band	84	201	400	71	-8500	-19.095477	160000	0	0
band	84	401	1000	56	-8500	-7.879800	180000	0	0
band	84	1001	2000	42	-5450	-4.954955	200000	0	0
band	84	2001	3000	28	-6600	-3.468468	220000	0	0
band	84	3001	5000	14	-600	-2.289645	240000	0	0
band	84	5001	8000	14	-3250	-1.296099	240000	0	0
band	84	8001	12000	14	-6110	-0.997749	240000	0	0
band	84	12001	60000	1	-5110	-0.999812	260000	0	0
band	85	0	100	71	-12700	0.000000	160000	0	0
band	85	101	200	85	-12700	-31.818182	140000	0	0
band	85	201	400	71	-8000	-19.095477	160000	0	0
band	85	401	1000	56	-8000	-7.879800	180000	0	0
band	85	1001	2000	42	-5100	-4.954955	200000	0	0
band	85	2001	3000	28	-6300	-3.468468	220000	0	0
band	85	3001	5000	14	-300	-2.289645	240000	0	0
band	85	5001	8000	14	-3000	-1.296099	240000	0	0
band	85	8001	12000	14	-5880	-0.997749	240000	0	0
band	85	12001	60000	1	-4880	-0.999812	260000	0	0
band	86	0	100	71	-12250	0.000000	160000	0	0
band	86	101	200	85	-12250	-31.818182	140000	0	0
band	86	201	400	71	-7500	-19.095477	160000	0	0
band	86	401	1000	56	-7500	-7.879800	180000	0	0
band	86	1001	2000	42	-4750	-4.954955	200000	0	0
band	86	2001	3000	28	-6000	-3.468468	220000	0	0
band	86	3001	5000	14	0	-2.289645	240000	0	0
band	86	5001	8000	14	-2750	-1.296099	240000	0	0
band	86	8001	12000	14	-5650	-0.997749	240000	0	0
band	86	12001	60000	1	-4650	-0.999812	260000	0	0
band	87	0	100	71	-11800	0.000000	160000	0	0
band	87	101	200	85	-11800	-31.818182	140000	0	0
band	87	201	400	71	-7000	-19.095477	160000	0	0
band	87	401	1000	56	-7000	-7.879800	180000	0	0
band	87	1001	2000	42	-4400	-4.954955	200000	0	0
band	87	2001	3000	28	-5700	-3.468468	220000	0	0
band	87	3001	5000	14	300	-2.289645	240000	0	0
band	87	5001	8000	14	-2500	-1.296099	240000	0	0
band	87	8001	12000	14	-5420	-0.997749	240000	0	0
band	87	12001	60000	1	-4420	-0.999812	260000	0	0
band	88	0	100	71	-11350	0.000000	160000	0	0
band	88	101	200	85	-11350	-31.818182	140000	0	0
band	88	201	400	71	-6500	-19.095477	160000	0	0
band	88	401	1000	56	-6500	-7.879800	180000	0	0
band	88	1001	2000	42	-4050	-4.954955	200000	0	0
band	88	2001	3000	28	-5400	-3.468468	220000	0	0
band	88	3001	5000	14	600	-2.289645	240000	0	0
band	88	5001	8000	14	-2250	-1.296099	240000	0	0
band	88	8001	12000	14	-5190	-0.997749	240000	0	0
band	88	12001	60000	1	-4190	-0.999812	260000	0	0
band	89	0	100	71	-10900	0.000000	160000	0	0
band	89	101	200	85	-10900	-31.818182	140000	0	0
band	89	201	400	71	-6000	-19.095477	160000	0	0
band	89	401	1000	56	-6000	-7.879800	180000	0	0
band	89	1001	2000	42	-3700	-4.954955	200000	0	0
band	89	2001	3000	28	-5100	-3.468468	220000	0	0
band	89	3001	5000	14	900	-2.289645	240000	0	0
band	89	5001	8000	14	-2000	-1.296099	240000	0	0
band	89	8001	12000	14	-4960	-0.997749	240000	0	0
band	89	12001	60000	1	-3960	-0.999812	260000	0	0
band	90	0	100	71	-10450	0.000000	160000	0	0
band	90	101	200	85	-10450	-31.818182	140000	0	0
band	90	201	400	71	-5500	-19.095477	160000	0	0
band	90	401	1000	56	-5500	-7.879800	180000	0	0
band	90	1001	2000	42	-3350	-4.954955	200000	0	0
band	90	2001	3000	28	-4800	-3.468468	220000	0	0
band	90	3001	5000	14	1200	-2.289645	240000	0	0
band	90	5001	8000	14	-1750	-1.296099	240000	0	0
band	90	8001	12000	14	-4730	-0.997749	240000	0	0
band	90	12001	60000	1	-3730	-0.999812	260000	0	0
band	91	0	100	71	-10000	0.000000	160000	0	0
band	91	101	200	85	-10000	-31.818182	140000	0	0
band	91	201	400	71	-5000	-19.095477	160000	0	0
band	91	401	1000	56	-5000	-7.879800	180000	0	0
band	91	1001	2000	42	-3000	-4.954955	200000	0	0
band	91	2001	3000	28	-4500	-3.468468	220000	0	0
band	91	3001	5000	14	1500	-2.289645	240000	0	0
band	91	5001	8000	14	-1500	-1.296099	240000	0	0
band	91	8001	12000	14	-4500	-0.997749	240000	0	0
band	91	12001	60000	1	-3500	-0.999812	260000	0	0
band	92	0	100	85	-10800	0.000000	140000	0	0
band	92	101	200	99	-13500	-22.727273	120000	0	0
band	92	201	400	85	-11500	-19.095477	140000	0	0
band	92	401	1000	71	-8650	-7.879800	160000	0	0
band	92	1001	2000	56	-9300	-4.954955	180000	0	0
band	92	2001	3000	42	-9600	-3.468468	200000	0	0
band	92	3001	5000	28	-7600	-2.289645	220000	0	0
band	92	5001	8000	14	-4600	-1.296099	240000	0	0
band	92	8001	12000	14	-6250	-1.097524	240000	0	0
band	92	12001	60000	1	-2900	-0.999812	260000	0	0
band	93	0	100	85	-10400	0.000000	140000	0	0
band	93	101	200	99	-13000	-22.727273	120000	0	0
band	93	201	400	85	-11000	-19.095477	140000	0	0
band	93	401	1000	71	-8200	-7.879800	160000	0	0
band	93	1001	2000	56	-8900	-4.954955	180000	0	0
band	93	2001	3000	42	-9300	-3.468468	200000	0	0
band	93	3001	5000	28	-7300	-2.289645	220000	0	0
band	93	5001	8000	14	-4300	-1.296099	240000	0	0
band	93	8001	12000	14	-6000	-1.097524	240000	0	0
band	93	12001	60000	1	-2700	-0.999812	260000	0	0
band	94	0	100	85	-10000	0.000000	140000	0	0
band	94	101	200	99	-12500	-22.727273	120000	0	0
band	94	201	400	85	-10500	-19.095477	140000	0	0
band	94	401	1000	71	-7750	-7.879800	160000	0	0
band	94	1001	2000	56	-8500	-4.954955	180000	0	0
band	94	2001	3000	42	-9000	-3.468468	200000	0	0
band	94	3001	5000	28	-7000	-2.289645	220000	0	0
band	94	5001	8000	14	-4000	-1.296099	240000	0	0
band	94	8001	12000	14	-5750	-1.097524	240000	0	0
band	94	12001	60000	1	-2500	-0.999812	260000	0	0
band	95	0	100	85	-9600	0.000000	140000	0	0
band	95	101	200	99	-12000	-22.727273	120000	0	0
band	95	201	400	85	-10000	-19.095477	140000	0	0
band	95	401	1000	71	-7300	-7.879800	160000	0	0
band	95	1001	2000	56	-8100	-4.954955	180000	0	0
band	95	2001	3000	42	-8700	-3.468468	200000	0	0
band	95	3001	5000	28	-6700	-2.289645	220000	0	0
band	95	5001	8000	14	-3700	-1.296099	240000	0	0
band	95	8001	12000	14	-5500	-1.097524	240000	0	0
band	95	12001	60000	1	-2300	-0.999812	260000	0	0
band	96	0	100	85	-9200	0.000000	140000	0	0
band	96	101	200	99	-11500	-22.727273	120000	0	0
band	96	201	400	85	-9500	-19.095477	140000	0	0
band	96	401	1000	71	-6850	-7.879800	160000	0	0
band	96	1001	2000	56	-7700	-4.954955	180000	0	0
band	96	2001	3000	42	-8400	-3.468468	200000	0	0
band	96	3001	5000	28	-6400	-2.289645	220000	0	0
band	96	5001	8000	14	-3400	-1.296099	240000	0	0
band	96	8001	12000	14	-5250	-1.097524	240000	0	0
band	96	12001	60000	1	-2100	-0.999812	260000	0	0
band	97	0	100	85	-8800	0.000000	140000	0	0
band	97	101	200	99	-11000	-22.727273	120000	0	0
band	97	201	400	85	-9000	-19.095477	140000	0	0
band	97	401	1000	71	-6400	-7.879800	160000	0	0
band	97	1001	2000	56	-7300	-4.954955	180000	0	0
band	97	2001	3000	42	-8100	-3.468468	200000	0	0
band	97	3001	5000	28	-6100	-2.289645	220000	0	0
band	97	5001	8000	14	-3100	-1.296099	240000	0	0
band	97	8001	12000	14	-5000	-1.097524	240000	0	0
band	97	12001	60000	1	-1900	-0.999812	260000	0	0
band	98	0	100	85	-8400	0.000000	140000	0	0
band	98	101	200	99	-10500	-22.727273	120000	0	0
band	98	201	400	85	-8500	-19.095477	140000	0	0
band	98	401	1000	71	-5950	-7.879800	160000	0	0
band	98	1001	2000	56	-6900	-4.954955	180000	0	0
band	98	2001	3000	42	-7800	-3.468468	200000	0	0
band	98	3001	5000	28	-5800	-2.289645	220000	0	0
band	98	5001	8000	14	-2800	-1.296099	240000	0	0
band	98	8001	12000	14	-4750	-1.097524	240000	0	0
band	98	12001	60000	1	-1700	-0.999812	260000	0	0
band	99	0	100	85	-8000	0.000000	140000	0	0
band	99	101	200	99	-10000	-22.727273	120000	0	0
band	99	201	400	85	-8000	-19.095477	140000	0	0
band	99	401	1000	71	-5500	-7.879800	160000	0	0
band	99	1001	2000	56	-6500	-4.954955	180000	0	0
band	99	2001	3000	42	-7500	-3.468468	200000	0	0
band	99	3001	5000	28	-5500	-2.289645	220000	0	0
band	99	5001	8000	14	-2500	-1.296099	240000	0	0
band	99	8001	12000	14	-4500	-1.097524	240000	0	0
band	99	12001	60000	1	-1500	-0.999812	260000	0	0
band	100	0	100	85	-7600	0.000000	140000	0	0
band	100	101	200	99	-9500	-22.727273	120000	0	0
band	100	201	400	85	-7500	-19.095477	140000	0	0
band	100	401	1000	71	-5050	-7.879800	160000	0	0
band	100	1001	2000	56	-6100	-4.954955	180000	0	0
band	100	2001	3000	42	-7200	-3.468468	200000	0	0
band	100	3001	5000	28	-5200	-2.289645	220000	0	0
band	100	5001	8000	14	-2200	-1.296099	240000	0	0
band	100	8001	12000	14	-4250	-1.097524	240000	0	0
band	100	12001	60000	1	-1300	-0.999812	260000	0	0
band	101	0	100	85	-7200	0.000000	140000	0	0
band	101	101	200	99	-9000	-22.727273	120000	0	0
band	101	201	400	85	-7000	-19.095477	140000	0	0
band	101	401	1000	71	-4600	-7.879800	160000	0	0
band	101	1001	2000	56	-5700	-4.954955	180000	0	0
band	101	2001	3000	42	-6900	-3.468468	200000	0	0
band	101	3001	5000	28	-4900	-2.289645	220000	0	0
band	101	5001	8000	14	-1900	-1.296099	240000	0	0
band	101	8001	12000	14	-4000	-1.097524	240000	0	0
band	101	12001	60000	1	-1100	-0.999812	260000	0	0
band	102	0	100	85	-6800	0.000000	140000	0	0
band	102	101	200	99	-8500	-22.727273	120000	0	0
band	102	201	400	85	-6500	-19.095477	140000	0	0
band	102	401	1000	71	-4150	-7.879800	160000	0	0
band	102	1001	2000	56	-5300	-4.954955	180000	0	0
band	102	2001	3000	42	-6600	-3.468468	200000	0	0
band	102	3001	5000	28	-4600	-2.289645	220000	0	0
band	102	5001	8000	14	-1600	-1.296099	240000	0	0
band	102	8001	12000	14	-3750	-1.097524	240000	0	0
band	102	12001	60000	1	-900	-0.999812	260000	0	0
band	103	0	100	85	-6400	0.000000	140000	0	0
band	103	101	200	99	-8000	-22.727273	120000	0	0
band	103	201	400	85	-6000	-19.095477	140000	0	0
band	103	401	1000	71	-3700	-7.879800	160000	0	0
band	103	1001	2000	56	-4900	-4.954955	180000	0	0
band	103	2001	3000	42	-6300	-3.468468	200000	0	0
band	103	3001	5000	28	-4300	-2.289645	220000	0	0
band	103	5001	8000	14	-1300	-1.296099	240000	0	0
band	103	8001	12000	14	-3500	-1.097524	240000	0	0
band	103	12001	60000	1	-700	-0.999812	260000	0	0
band	104	0	100	85	-6000	0.000000	140000	0	0
band	104	101	200	99	-7500	-22.727273	120000	0	0
band	104	201	400	85	-5500	-19.095477	140000	0	0
band	104	401	1000	71	-3250	-7.879800	160000	0	0
band	104	1001	2000	56	-4500	-4.954955	180000	0	0
band	104	2001	3000	42	-6000	-3.468468	200000	0	0
band	104	3001	5000	28	-4000	-2.289645	220000	0	0
band	104	5001	8000	14	-1000	-1.296099	240000	0	0
band	104	8001	12000	14	-3250	-1.097524	240000	0	0
band	104	12001	60000	1	-500	-0.999812	260000	0	0
band	105	0	100	85	-5600	0.000000	140000	0	0
band	105	101	200	99	-7000	-22.727273	120000	0	0
band	105	201	400	85	-5000	-19.095477	140000	0	0
band	105	401	1000	71	-2800	-7.879800	160000	0	0
band	105	1001	2000	56	-4100	-4.954955	180000	0	0
band	105	2001	3000	42	-5700	-3.468468	200000	0	0
band	105	3001	5000	28	-3700	-2.289645	220000	0	0
band	105	5001	8000	14	-700	-1.296099	240000	0	0
band	105	8001	12000	14	-3000	-1.097524	240000	0	0
band	105	12001	60000	1	-300	-0.999812	260000	0	0
band	106	0	100	85	-5200	0.000000	140000	0	0
band	106	101	200	99	-6500	-22.727273	120000	0	0
band	106	201	400	85	-4500	-19.095477	140000	0	0
band	106	401	1000	71	-2350	-7.879800	160000	0	0
band	106	1001	2000	56	-3700	-4.954955	180000	0	0
band	106	2001	3000	42	-5400	-3.468468	200000	0	0
band	106	3001	5000	28	-3400	-2.289645	220000	0	0
band	106	5001	8000	14	-400	-1.296099	240000	0	0
band	106	8001	12000	14	-2750	-1.097524	240000	0	0
band	106	12001	60000	1	-100	-0.999812	260000	0	0
band	107	0	100	85	-4800	0.000000	140000	0	0
band	107	101	200	99	-6000	-22.727273	120000	0	0
band	107	201	400	85	-4000	-19.095477	140000	0	0
band	107	401	1000	71	-1900	-7.879800	160000	0	0
band	107	1001	2000	56	-3300	-4.954955	180000	0	0
band	107	2001	3000	42	-5100	-3.468468	200000	0	0
band	107	3001	5000	28	-3100	-2.289645	220000	0	0
band	107	5001	8000	14	-100	-1.296099	240000	0	0
band	107	8001	12000	14	-2500	-1.097524	240000	0	0
band	107	12001	60000	1	100	-0.999812	260000	0	0
band	108	0	100	85	-4400	0.000000	140000	0	0
band	108	101	200	99	-5500	-22.727273	120000	0	0
band	108	201	400	85	-3500	-19.095477	140000	0	0
band	108	401	1000	71	-1450	-7.879800	160000	0	0
band	108	1001	2000	56	-2900	-4.954955	180000	0	0
band	108	2001	3000	42	-4800	-3.468468	200000	0	0
band	108	3001	5000	28	-2800	-2.289645	220000	0	0
band	108	5001	8000	14	200	-1.296099	240000	0	0
band	108	8001	12000	14	-2250	-1.097524	240000	0	0
band	108	12001	60000	1	300	-0.999812	260000	0	0
band	109	0	100	85	-4000	0.000000	140000	0	0
band	109	101	200	99	-5000	-22.727273	120000	0	0
band	109	201	400	85	-3000	-19.095477	140000	0	0
band	109	401	1000	71	-1000	-7.879800	160000	0	0
band	109	1001	2000	56	-2500	-4.954955	180000	0	0
band	109	2001	3000	42	-4500	-3.468468	200000	0	0
band	109	3001	5000	28	-2500	-2.289645	220000	0	0
band	109	5001	8000	14	500	-1.296099	240000	0	0
band	109	8001	12000	14	-2000	-1.097524	240000	0	0
band	109	12001	60000	1	500	-0.999812	260000	0	0
band	110	0	100	113	-15500	0.000000	100000	0	0
band	110	101	200	113	-12160	-22.727273	100000	0	0
band	110	201	400	99	-9650	-23.869347	120000	0	0
band	110	401	1000	85	-4650	-7.879800	140000	0	0
band	110	1001	2000	71	-7800	-5.450450	160000	0	0
band	110	2001	3000	56	-7950	-3.963964	180000	0	0
band	110	3001	5000	42	-8950	-2.289645	200000	0	0
band	110	5001	8000	28	-8600	-1.794598	220000	0	0
band	110	8001	12000	14	-4750	-1.197299	240000	0	0
band	110	12001	60000	1	-750	-0.799850	260000	0	0
band	111	0	100	113	-15000	0.000000	100000	0	0
band	111	101	200	113	-11680	-22.727273	100000	0	0
band	111	201	400	99	-9200	-23.869347	120000	0	0
band	111	401	1000	85	-4200	-7.879800	140000	0	0
band	111	1001	2000	71	-7400	-5.450450	160000	0	0
band	111	2001	3000	56	-7600	-3.963964	180000	0	0
band	111	3001	5000	42	-8600	-2.289645	200000	0	0
band	111	5001	8000	28	-8300	-1.794598	220000	0	0
band	111	8001	12000	14	-4500	-1.197299	240000	0	0
band	111	12001	60000	1	-500	-0.799850	260000	0	0
band	112	0	100	113	-14500	0.000000	100000	0	0
band	112	101	200	113	-11200	-22.727273	100000	0	0
band	112	201	400	99	-8750	-23.869347	120000	0	0
band	112	401	1000	85	-3750	-7.879800	140000	0	0
band	112	1001	2000	71	-7000	-5.450450	160000	0	0
band	112	2001	3000	56	-7250	-3.963964	180000	0	0
band	112	3001	5000	42	-8250	-2.289645	200000	0	0
band	112	5001	8000	28	-8000	-1.794598	220000	0	0
band	112	8001	12000	14	-4250	-1.197299	240000	0	0
band	112	12001	60000	1	-250	-0.799850	260000	0	0
band	113	0	100	113	-14000	0.000000	100000	0	0
band	113	101	200	113	-10720	-22.727273	100000	0	0
band	113	201	400	99	-8300	-23.869347	120000	0	0
band	113	401	1000	85	-3300	-7.879800	140000	0	0
band	113	1001	2000	71	-6600	-5.450450	160000	0	0
band	113	2001	3000	56	-6900	-3.963964	180000	0	0
band	113	3001	5000	42	-7900	-2.289645	200000	0	0
band	113	5001	8000	28	-7700	-1.794598	220000	0	0
band	113	8001	12000	14	-4000	-1.197299	240000	0	0
band	113	12001	60000	1	0	-0.799850	260000	0	0
band	114	0	100	113	-13500	0.000000	100000	0	0
band	114	101	200	113	-10240	-22.727273	100000	0	0
band	114	201	400	99	-7850	-23.869347	120000	0	0
band	114	401	1000	85	-2850	-7.879800	140000	0	0
band	114	1001	2000	71	-6200	-5.450450	160000	0	0
band	114	2001	3000	56	-6550	-3.963964	180000	0	0
band	114	3001	5000	42	-7550	-2.289645	200000	0	0
band	114	5001	8000	28	-7400	-1.794598	220000	0	0
band	114	8001	12000	14	-3750	-1.197299	240000	0	0
band	114	12001	60000	1	250	-0.799850	260000	0	0
band	115	0	100	113	-13000	0.000000	100000	0	0
band	115	101	200	113	-9760	-22.727273	100000	0	0
band	115	201	400	99	-7400	-23.869347	120000	0	0
band	115	401	1000	85	-2400	-7.879800	140000	0	0
band	115	1001	2000	71	-5800	-5.450450	160000	0	0
band	115	2001	3000	56	-6200	-3.963964	180000	0	0
band	115	3001	5000	42	-7200	-2.289645	200000	0	0
band	115	5001	8000	28	-7100	-1.794598	220000	0	0
band	115	8001	12000	14	-3500	-1.197299	240000	0	0
band	115	12001	60000	1	500	-0.799850	260000	0	0
band	116	0	100	113	-12500	0.000000	100000	0	0
band	116	101	200	113	-9280	-22.727273	100000	0	0
band	116	201	400	99	-6950	-23.869347	120000	0	0
band	116	401	1000	85	-1950	-7.879800	140000	0	0
band	116	1001	2000	71	-5400	-5.450450	160000	0	0
band	116	2001	3000	56	-5850	-3.963964	180000	0	0
band	116	3001	5000	42	-6850	-2.289645	200000	0	0
band	116	5001	8000	28	-6800	-1.794598	220000	0	0
band	116	8001	12000	14	-3250	-1.197299	240000	0	0
band	116	12001	60000	1	750	-0.799850	260000	0	0
band	117	0	100	113	-12000	0.000000	100000	0	0
band	117	101	200	113	-8800	-22.727273	100000	0	0
band	117	201	400	99	-6500	-23.869347	120000	0	0
band	117	401	1000	85	-1500	-7.879800	140000	0	0
band	117	1001	2000	71	-5000	-5.450450	160000	0	0
band	117	2001	3000	56	-5500	-3.963964	180000	0	0
band	117	3001	5000	42	-6500	-2.289645	200000	0	0
band	117	5001	8000	28	-6500	-1.794598	220000	0	0
band	117	8001	12000	14	-3000	-1.197299	240000	0	0
band	117	12001	60000	1	1000	-0.799850	260000	0	0
band	118	0	100	113	-11500	0.000000	100000	0	0
band	118	101	200	113	-8320	-22.727273	100000	0	0
band	118	201	400	99	-6050	-23.869347	120000	0	0
band	118	401	1000	85	-1050	-7.879800	140000	0	0
band	118	1001	2000	71	-4600	-5.450450	160000	0	0
band	118	2001	3000	56	-5150	-3.963964	180000	0	0
band	118	3001	5000	42	-6150	-2.289645	200000	0	0
band	118	5001	8000	28	-6200	-1.794598	220000	0	0
band	118	8001	12000	14	-2750	-1.197299	240000	0	0
band	118	12001	60000	1	1250	-0.799850	260000	0	0
band	119	0	100	113	-11000	0.000000	100000	0	0
band	119	101	200	113	-7840	-22.727273	100000	0	0
band	119	201	400	99	-5600	-23.869347	120000	0	0
band	119	401	1000	85	-600	-7.879800	140000	0	0
band	119	1001	2000	71	-4200	-5.450450	160000	0	0
band	119	2001	3000	56	-4800	-3.963964	180000	0	0
band	119	3001	5000	42	-5800	-2.289645	200000	0	0
band	119	5001	8000	28	-5900	-1.794598	220000	0	0
band	119	8001	12000	14	-2500	-1.197299	240000	0	0
band	119	12001	60000	1	1500	-0.799850	260000	0	0
band	120	0	100	113	-10500	0.000000	100000	0	0
band	120	101	200	113	-7360	-22.727273	100000	0	0
band	120	201	400	99	-5150	-23.869347	120000	0	0
band	120	401	1000	85	-150	-7.879800	140000	0	0
band	120	1001	2000	71	-3800	-5.450450	160000	0	0
band	120	2001	3000	56	-4450	-3.963964	180000	0	0
band	120	3001	5000	42	-5450	-2.289645	200000	0	0
band	120	5001	8000	28	-5600	-1.794598	220000	0	0
band	120	8001	12000	14	-2250	-1.197299	240000	0	0
band	120	12001	60000	1	1750	-0.799850	260000	0	0
band	121	0	100	113	-10000	0.000000	100000	0	0
band	121	101	200	113	-6880	-22.727273	100000	0	0
band	121	201	400	99	-4700	-23.869347	120000	0	0
band	121	401	1000	85	300	-7.879800	140000	0	0
band	121	1001	2000	71	-3400	-5.450450	160000	0	0
band	121	2001	3000	56	-4100	-3.963964	180000	0	0
band	121	3001	5000	42	-5100	-2.289645	200000	0	0
band	121	5001	8000	28	-5300	-1.794598	220000	0	0
band	121	8001	12000	14	-2000	-1.197299	240000	0	0
band	121	12001	60000	1	2000	-0.799850	260000	0	0
band	122	0	100	113	-9500	0.000000	100000	0	0
band	122	101	200	113	-6400	-22.727273	100000	0	0
band	122	201	400	99	-4250	-23.869347	120000	0	0
band	122	401	1000	85	750	-7.879800	140000	0	0
band	122	1001	2000	71	-3000	-5.450450	160000	0	0
band	122	2001	3000	56	-3750	-3.963964	180000	0	0
band	122	3001	5000	42	-4750	-2.289645	200000	0	0
band	122	5001	8000	28	-5000	-1.794598	220000	0	0
band	122	8001	12000	14	-1750	-1.197299	240000	0	0
band	122	12001	60000	1	2250	-0.799850	260000	0	0
band	123	0	100	113	-9000	0.000000	100000	0	0
band	123	101	200	113	-5920	-22.727273	100000	0	0
band	123	201	400	99	-3800	-23.869347	120000	0	0
band	123	401	1000	85	1200	-7.879800	140000	0	0
band	123	1001	2000	71	-2600	-5.450450	160000	0	0
band	123	2001	3000	56	-3400	-3.963964	180000	0	0
band	123	3001	5000	42	-4400	-2.289645	200000	0	0
band	123	5001	8000	28	-4700	-1.794598	220000	0	0
band	123	8001	12000	14	-1500	-1.197299	240000	0	0
band	123	12001	60000	1	2500	-0.799850	260000	0	0
band	124	0	100	113	-8500	0.000000	100000	0	0
band	124	101	200	113	-5440	-22.727273	100000	0	0
band	124	201	400	99	-3350	-23.869347	120000	0	0
band	124	401	1000	85	1650	-7.879800	140000	0	0
band	124	1001	2000	71	-2200	-5.450450	160000	0	0
band	124	2001	3000	56	-3050	-3.963964	180000	0	0
band	124	3001	5000	42	-4050	-2.289645	200000	0	0
band	124	5001	8000	28	-4400	-1.794598	220000	0	0
band	124	8001	12000	14	-1250	-1.197299	240000	0	0
band	124	12001	60000	1	2750	-0.799850	260000	0	0
band	125	0	100	113	-8000	0.000000	100000	0	0
band	125	101	200	113	-4960	-22.727273	100000	0	0
band	125	201	400	99	-2900	-23.869347	120000	0	0
band	125	401	1000	85	2100	-7.879800	140000	0	0
band	125	1001	2000	71	-1800	-5.450450	160000	0	0
band	125	2001	3000	56	-2700	-3.963964	180000	0	0
band	125	3001	5000	42	-3700	-2.289645	200000	0	0
band	125	5001	8000	28	-4100	-1.794598	220000	0	0
band	125	8001	12000	14	-1000	-1.197299	240000	0	0
band	125	12001	60000	1	3000	-0.799850	260000	0	0
band	126	0	100	113	-7500	0.000000	100000	0	0
band	126	101	200	113	-4480	-22.727273	100000	0	0
band	126	201	400	99	-2450	-23.869347	120000	0	0
band	126	401	1000	85	2550	-7.879800	140000	0	0
band	126	1001	2000	71	-1400	-5.450450	160000	0	0
band	126	2001	3000	56	-2350	-3.963964	180000	0	0
band	126	3001	5000	42	-3350	-2.289645	200000	0	0
band	126	5001	8000	28	-3800	-1.794598	220000	0	0
band	126	8001	12000	14	-750	-1.197299	240000	0	0
band	126	12001	60000	1	3250	-0.799850	260000	0	0
band	127	0	100	113	-7000	0.000000	100000	0	0
band	127	101	200	113	-4000	-22.727273	100000	0	0
band	127	201	400	99	-2000	-23.869347	120000	0	0
band	127	401	1000	85	3000	-7.879800	140000	0	0
band	127	1001	2000	71	-1000	-5.450450	160000	0	0
band	127	2001	3000	56	-2000	-3.963964	180000	0	0
band	127	3001	5000	42	-3000	-2.289645	200000	0	0
band	127	5001	8000	28	-3500	-1.794598	220000	0	0
band	127	8001	12000	14	-500	-1.197299	240000	0	0
band	127	12001	60000	1	3500	-0.799850	260000	0	0
#key	note	mdb	no_release_after_ms
key	0	0	0
key	1	0	0
key	2	0	0
key	3	0	0
key	4	0	0
key	5	0	0
key	6	0	0
key	7	0	0
key	8	0	0
key	9	0	0
key	10	0	0
key	11	0	0
key	12	0	0
key	13	0	0
key	14	0	0
key	15	0	0
key	16	0	0
key	17	0	0
key	18	0	0
key	19	0	0
key	20	0	0
key	21	0	0
key	22	5000	0
key	23	5000	0
key	24	5000	0
key	25	5000	0
key	26	5000	0
key	27	5000	0
key	28	5000	0
key	29	5000	0
key	30	5000	0
key	31	5000	0
key	32	5000	0
key	33	5000	0
key	34	5000	0
key	35	5000	0
key	36	4700	0
key	37	4300	0
key	38	4000	0
key	39	3700	0
key	40	3300	0
key	41	3000	0
key	42	2700	0
key	43	2300	0
key	44	2000	0
key	45	1700	0
key	46	1300	0
key	47	1000	0
key	48	700	0
key	49	300	0
key	50	0	0
key	51	0	0
key	52	0	0
key	53	0	0
key	54	0	0
key	55	0	0
key	56	0	0
key	57	0	0
key	58	0	0
key	59	0	0
key	60	0	0
key	61	0	0
key	62	0	0
key	63	0	0
key	64	0	0
key	65	0	0
key	66	0	0
key	67	0	0
key	68	0	0
key	69	0	0
key	70	0	0
key	71	0	0
key	72	0	0
key	73	0	0
key	74	0	0
key	75	0	0
key	76	0	0
key	77	0	0
key	78	0	0
key	79	0	0
key	80	0	0
key	81	0	0
key	82	0	0
key	83	0	0
key	84	0	0
key	85	0	0
key	86	0	0
key	87	0	0
key	88	0	0
key	89	0	0
key	90	0	0
key	91	0	0
key	92	0	0
key	93	0	0
key	94	0	0
key	95	0	0
key	96	0	0
key	97	0	0
key	98	0	0
key	99	0	0
key	100	0	0
key	101	0	0
key	102	0	0
key	103	0	0
key	104	0	0
key	105	0	0
key	106	0	0
key	107	0	0
key	108	0	0
key	109	0	0
key	110	0	0
key	111	0	0
key	112	0	0
key	113	0	0
key	114	0	0
key	115	0	0
key	116	0	0
key	117	0	0
key	118	0	0
key	119	0	0
key	120	0	0
key	121	0	0
key	122	0	0
key	123	0	0
key	124	0	0
key	125	0	0
key	126	0	0
key	127	0	0
