name	values
%CurUserPresets	0
%UserPresets	0
%VolumeChecker	0 81 70 70 90 81
$ColourVolumeFactor	-43
%Tuning	0 0 0 0 0 0 0 0 0 0 0 0 0 0 0 0 0 0 0 0 0 -5000 -5000 -5000 -7000 -3000 -3000 -5500 -1500 -6000 -4000 -3000 -3500 -2000 -2000 -1000 -2000 500 -3000 -3500 -1500 -3500 -500 -1000 -1000 0 0 5500 -250 0 -1000 -1000 -500 -2500 0 -1000 -1000 0 -1500 -1000 -2000 -2000 -1000 -1000 -1500 -2000 -1500 -2000 -1000 -1000 3000 500 1000 1000 -500 1000 0 -1000 0 0 0 0 -1000 -1000 -1000 5000 5000 -2000 -2000 -5000 -2000 -3000 -2000 -2000 -3000 -3000 -4000 -5000 -6000 -1000 -3000 -9000 -3000 -6000 -3000 -2000 -17000 -8000 -8000 0
$Tuning	0
$Init	1
$DryRelTime	550000
$ReleaseToggle	0
%SavePGSArticulation	0
%SavePGSNoises	1 1 0
$SaveRelTime	0
$Mas_sliToneColor	18
$Mas_swiToneXXL	0
$Mas_sliAnaDyn	-20
$Mas_sliAnaReso	436537
$Spa_swiOnOff	0
$Spa_sliSend	843023
$Spa_sliPreDelay	436302
$Spa_sliSize	232558
$Spa_mnuType	0
$Tone_sliBass	500000
$Tone_sliMid	581395
$Tone_sliAir	563954
$Tone_sliXXL	750000
$Tone_sliLowKeys	6
$Tone_mnuCompressor	3
$Tone_sliCompressor	0
$Tone_swiEQ	1
$Tone_swiComp	0
$Ana_sliOvertonesVol	306282
$Ana_sliStereoWidth	500000
$Ana_swiSwap	0
$Ana_mnuVelo	4
$Ana_swiSilentKeyOnOff	0
$Ana_swiRepedalOnOff	0
$Ana_swiHalfpedalOnOff	0
$Ana_swiReleaseOnOff	1
$Ana_swiHammerOnOff	1
$Ana_swiDamperOnOff	0
$Ana_swiPedalOnOff	0
$Ana_swiStringOnOff	0
$Ana_sliRelVol	342419
$Ana_sliRelDecay	500000
$Ana_sliHammerVol	305018
$Ana_sliDamperVol	204145
$Ana_sliPedalVol	204145
$Ana_sliStringVol	430000
$Ana_sliBasicPitch	4
$Ana_swiTune	0
$Ana_swiOvertonesOnOff	0
