#vel	velocity	played_velocity	mdb
vel	1	16	6697
vel	2	17	7043
vel	3	18	7389
vel	4	19	3835
vel	5	20	4181
vel	6	22	4873
vel	7	23	5219
vel	8	25	5911
vel	9	26	6257
vel	10	28	3449
vel	11	29	3795
vel	12	31	4487
vel	13	32	4833
vel	14	33	5179
vel	15	35	5871
vel	16	36	2717
vel	17	37	3063
vel	18	39	3755
vel	19	40	4101
vel	20	41	4447
vel	21	43	5139
vel	22	44	1985
vel	23	45	2331
vel	24	46	2677
vel	25	48	3369
vel	26	49	3715
vel	27	50	4061
vel	28	52	1253
vel	29	53	1599
vel	30	54	1945
vel	31	55	2291
vel	32	56	2637
vel	33	57	2983
vel	34	58	3329
vel	35	59	3675
vel	36	60	1121
vel	37	61	1467
vel	38	63	2059
vel	39	64	2305
vel	40	65	2651
vel	41	66	2897
vel	42	68	789
vel	43	69	1135
vel	44	70	1481
vel	45	71	1827
vel	46	72	2173
vel	47	74	2865
vel	48	75	411
vel	49	76	757
vel	50	77	1103
vel	51	78	1449
vel	52	79	1795
vel	53	80	2141
vel	54	81	2487
vel	55	82	33
vel	56	83	379
vel	57	84	725
vel	58	85	1071
vel	59	85	1071
vel	60	86	1417
vel	61	87	1763
vel	62	87	1763
vel	63	88	2109
vel	64	89	-145
vel	65	89	-145
vel	66	90	201
vel	67	91	547
vel	68	92	893
vel	69	93	1239
vel	70	93	1239
vel	71	94	1585
vel	72	95	-669
vel	73	95	-669
vel	74	96	-323
vel	75	97	23
vel	76	97	23
vel	77	98	369
vel	78	99	715
vel	79	99	715
vel	80	100	1061
vel	81	101	-1393
vel	82	101	-1393
vel	83	102	-1047
vel	84	103	-701
vel	85	103	-701
vel	86	104	-355
vel	87	104	-355
vel	88	105	-9
vel	89	105	-9
vel	90	106	337
vel	91	106	337
vel	92	107	-2117
vel	93	107	-2117
vel	94	107	-2117
vel	95	107	-2117
vel	96	107	-2117
vel	97	107	-2117
vel	98	107	-2117
vel	99	108	-1771
vel	100	110	-1079
vel	101	111	-733
vel	102	112	-387
vel	103	113	-2841
vel	104	114	-2595
vel	105	115	-2249
vel	106	116	-2003
vel	107	116	-2003
vel	108	117	-1657
vel	109	118	-1411
vel	110	119	-3765
vel	111	120	-3419
vel	112	121	-3073
vel	113	122	-2827
vel	114	123	-2481
vel	115	124	-2235
vel	116	125	-3689
vel	117	126	-3343
vel	118	127	-3097
vel	119	127	-3151
vel	120	127	-3205
vel	121	127	-3259
vel	122	127	-3313
vel	123	127	-3367
vel	124	127	-3421
vel	125	127	-3475
vel	126	127	-3529
vel	127	127	-3583
#key	note	mdb	millicents
key	0	0	0
key	1	0	0
key	2	0	0
key	3	0	0
key	4	0	0
key	5	0	0
key	6	0	0
key	7	0	0
key	8	0	0
key	9	0	0
key	10	0	0
key	11	0	0
key	12	0	0
key	13	0	0
key	14	0	0
key	15	0	0
key	16	0	0
key	17	0	0
key	18	0	0
key	19	0	0
key	20	0	0
key	21	1950	3939
key	22	1916	3939
key	23	983	3939
key	24	450	3939
key	25	1816	3939
key	26	983	3939
key	27	1350	3939
key	28	1516	3939
key	29	1483	3939
key	30	1450	3939
key	31	1416	3939
key	32	866	3939
key	33	2416	3939
key	34	1566	3939
key	35	1516	3939
key	36	1366	3939
key	37	2416	3939
key	38	1366	3939
key	39	616	3939
key	40	966	3939
key	41	1416	3939
key	42	866	3939
key	43	716	3939
key	44	766	3939
key	45	416	3939
key	46	666	3939
key	47	1016	3939
key	48	966	3939
key	49	516	3939
key	50	466	3939
key	51	216	3939
key	52	366	3939
key	53	516	3939
key	54	266	3939
key	55	216	3939
key	56	166	3939
key	57	116	3939
key	58	-634	3939
key	59	-484	3939
key	60	0	3939
key	61	-300	3939
key	62	0	3939
key	63	-300	3939
key	64	0	3939
key	65	0	3939
key	66	0	3939
key	67	0	3939
key	68	0	3939
key	69	0	3939
key	70	0	3939
key	71	0	3939
key	72	0	3939
key	73	0	3939
key	74	0	3939
key	75	0	3939
key	76	200	3939
key	77	400	3939
key	78	966	3939
key	79	0	3939
key	80	800	3939
key	81	900	3939
key	82	1000	3939
key	83	1000	3939
key	84	100	3939
key	85	700	3939
key	86	900	3939
key	87	1400	3939
key	88	1000	3939
key	89	1000	3939
key	90	800	3939
key	91	500	3939
key	92	500	3939
key	93	0	3939
key	94	500	3939
key	95	500	3939
key	96	300	3939
key	97	300	3939
key	98	300	3939
key	99	300	3939
key	100	300	3939
key	101	300	3939
key	102	200	3939
key	103	200	3939
key	104	200	3939
key	105	400	3939
key	106	200	3939
key	107	-700	3939
key	108	-600	3939
key	109	0	0
key	110	0	0
key	111	0	0
key	112	0	0
key	113	0	0
key	114	0	0
key	115	0	0
key	116	0	0
key	117	0	0
key	118	0	0
key	119	0	0
key	120	0	0
key	121	0	0
key	122	0	0
key	123	0	0
key	124	0	0
key	125	0	0
key	126	0	0
key	127	0	0
